{
  "fx": 1900.0,
  "fy": 1900.0,
  "cx": 640.0,
  "cy": 360.0,
  "intrinsics": [
    1900.0,
    640.0,
    360.0
  ],
  "extrinsic": [
    [
      0.9999998807907104,
      0.00015514818369410932,
      0.0004619859391823411,
      -0.018398243933916092
    ],
    [
      3.159956759191118e-05,
      -0.9666187763214111,
      0.2562189996242523,
      0.7038862109184265
    ],
    [
      0.0004863161884713918,
      -0.25621896982192993,
      -0.9666186571121216,
      -33.30881118774414
    ],
    [
      0.0,
      0.0,
      0.0,
      1.0
    ]
  ],
  "reprojection_error": 0.3085926975977858,
  "camera_position": [
    0.034574612178698214,
    -7.853956185825046,
    -32.37725794001829
  ],
  "num_keypoints": 14,
  "width": 1280,
  "height": 720,
  "convention": "OpenGL view (cam looks down -Z, +Y up)"
}