{
  "fx": 1900.0,
  "fy": 1900.0,
  "cx": 640.0,
  "cy": 360.0,
  "intrinsics": [
    1900.0,
    640.0,
    360.0
  ],
  "extrinsic": [
    [
      1.0,
      7.53722561057657e-05,
      0.00021444293088279665,
      -0.015379978343844414
    ],
    [
      1.787383371265605e-05,
      -0.9665757417678833,
      0.2563813030719757,
      0.7033665180206299
    ],
    [
      0.00022659936803393066,
      -0.2563813030719757,
      -0.9665756821632385,
      -33.329288482666016
    ],
    [
      0.0,
      0.0,
      0.0,
      1.0
    ]
  ],
  "camera_position_world": [
    0.022919801887774666,
    -7.865147980880876,
    -32.395606325777216
  ],
  "convention": "OpenGL view (cam looks down -Z, +Y up)",
  "reprojection_error_mean_px": 0.2627244620493871,
  "width": 1280,
  "height": 720
}