id,n_gt,n_ours,n_match,med_3d,mean_3d,p90_3d,med_z,n_bounces,paper_med_3d
0,159,52,52,1.0856190659845737,1.6273114199685603,3.913713194180735,0.2968418386386523,3,0.08765561182952089
1,74,19,19,0.7011032999998521,0.7044458780139236,0.9496574310974958,0.18108006686415257,1,0.31067645398831845
2,74,18,18,0.7456725538166113,0.755061822764722,1.1507369328556556,0.2284885484613658,1,0.14342407213141276
3,115,33,33,0.5542657576323835,1.1696612529524193,3.440867577493845,0.11109989463850423,2,0.23790427960833252
4,231,49,49,2.2780071489217617,2.3156026708737505,3.2957690797786148,0.4159026965811264,3,0.41196370838659624
5,85,20,20,2.3649066740960203,2.4376231312248864,3.291795234984551,0.2729657446352979,1,0.22372594563559425
