id,n_gt,n_ours,n_match,med_3d,mean_3d,p90_3d,med_z,n_bounces,paper_med_3d
0,159,79,79,1.9657765169499013,2.818282918468608,6.118860024971588,0.49932241406134326,3,0.08765561182952089
1,74,34,34,0.8472036959220366,1.9109840802396443,1.79119056176669,0.3278590738520863,1,0.31067645398831845
2,74,22,22,0.9424182416465441,0.9414261888408819,1.6521195293447823,0.1997237149207699,1,0.14342407213141276
3,115,47,47,0.5937877300589979,1.6890226991511743,4.491075395185099,0.13221360392456472,2,0.23790427960833252
4,231,95,95,3.1564886821444524,4.756991501844586,10.525304677002225,0.4831205680891622,4,0.41196370838659624
5,85,53,53,3.02032718581156,5.5263969119559455,13.123564381004304,0.46516742332718625,2,0.22372594563559425
